{"stats":{"minecraft:mined":{"minecraft:crafting_table":3,"minecraft:grass_block":1,"minecraft:tall_grass":3,"minecraft:oak_planks":6,"minecraft:wall_torch":2,"minecraft:furnace":2,"minecraft:iron_ore":13,"minecraft:grass":4,"minecraft:oak_log":16,"minecraft:coal_ore":122,"minecraft:dirt":2,"minecraft:stone":86,"immersive_weathering:oak_leaf_pile":1},"minecraft:used":{"minecraft:stone_pickaxe":238,"minecraft:oak_planks":6,"minecraft:shield":3,"minecraft:iron_sword":15,"minecraft:torch":244,"minecraft:dirt":3,"minecraft:crafting_table":4,"minecraft:stone_axe":47,"minecraft:cobblestone":2,"minecraft:furnace":4,"minecraft:cooked_porkchop":3,"minecraft:oak_boat":3,"minecraft:cooked_beef":2},"minecraft:crafted":{"minecraft:oak_planks":64,"minecraft:cooked_porkchop":15,"minecraft:crafting_table":1,"minecraft:cooked_chicken":3,"minecraft:iron_sword":1,"minecraft:furnace":2,"minecraft:stone_axe":1,"minecraft:oak_boat":1,"minecraft:shield":1,"minecraft:iron_axe":1,"minecraft:stick":88,"minecraft:iron_ingot":9,"minecraft:torch":300,"minecraft:shears":1},"minecraft:killed_by":{"minecraft:creeper":1},"minecraft:killed":{"minecraft:pig":8,"minecraft:spider":2,"minecraft:creeper":1,"minecraft:sheep":1,"minecraft:skeleton":1,"minecraft:chicken":3,"minecraft:cow":4},"minecraft:dropped":{"minecraft:stone_axe":1,"minecraft:torch":2,"minecraft:stone_pickaxe":2},"minecraft:custom":{"minecraft:interact_with_furnace":12,"minecraft:mob_kills":20,"minecraft:interact_with_crafting_table":11,"minecraft:leave_game":3,"minecraft:time_since_death":8318,"minecraft:climb_one_cm":69,"minecraft:time_since_rest":8496,"minecraft:sprint_one_cm":63903,"minecraft:damage_taken":1020,"minecraft:walk_one_cm":191864,"minecraft:damage_blocked_by_shield":110,"minecraft:drop":5,"minecraft:damage_dealt":2120,"minecraft:swim_one_cm":3537,"minecraft:fly_one_cm":74069,"minecraft:open_chest":2,"minecraft:crouch_one_cm":619,"minecraft:play_time":80240,"minecraft:deaths":2,"minecraft:sneak_time":256,"minecraft:walk_under_water_one_cm":10679,"minecraft:boat_one_cm":587140,"minecraft:jump":939,"minecraft:walk_on_water_one_cm":25616,"minecraft:total_world_time":80240,"minecraft:fall_one_cm":22573},"minecraft:picked_up":{"minecraft:crafting_table":3,"minecraft:feather":2,"minecraft:cooked_beef":8,"minecraft:chicken":3,"minecraft:leather":5,"minecraft:oak_log":16,"minecraft:gunpowder":2,"minecraft:string":3,"minecraft:dirt":3,"minecraft:wheat_seeds":6,"minecraft:beef":8,"minecraft:stone_pickaxe":3,"minecraft:oak_boat":2,"minecraft:chest":1,"minecraft:oak_planks":2,"minecraft:egg":2,"minecraft:furnace":2,"minecraft:raw_iron":42,"minecraft:stick":24,"minecraft:torch":70,"minecraft:porkchop":15,"minecraft:arrow":1,"minecraft:stone_axe":1,"minecraft:oak_sapling":2,"minecraft:mutton":1,"minecraft:coal":446,"minecraft:white_wool":1,"minecraft:cobblestone":85}},"DataVersion":3120}