{"stats":{"minecraft:crafted":{"minecraft:black_dye":8,"minecraft:oak_door":12,"magistuarmoryaddon:avant_boots":1,"minecraft:smooth_stone":3,"minecraft:oak_planks":172,"minecraft:raw_iron":54,"minecraft:tripwire_hook":2,"magistuarmory:maximilian_helmet":1,"minecraft:blaze_powder":14,"magistuarmory:knight_boots":1,"minecraft:furnace":4,"minecraft:blast_furnace":1,"minecraft:stone":3,"magistuarmory:longbow":1,"magistuarmoryaddon:dark_maximilian_helmet":1,"slavicarmory:steel_rus_sword":1,"minecraft:cooked_mutton":47,"minecraft:flint_and_steel":1,"magistuarmory:diamond_zweihander":1,"magistuarmoryaddon:golden_necklace_decoration":1,"magistuarmory:hilt":13,"magistuarmory:diamond_concavehalberd":1,"magistuarmory:knight_leggings":1,"magistuarmory:steel_shortsword":1,"magistuarmory:steel_ingot":193,"minecraft:chest":3,"magistuarmory:maximilian_leggings":1,"magistuarmory:maximilian_chestplate":1,"magistuarmoryaddon:golden_cross_necklace_decoration":1,"magistuarmory:barbute":1,"magistuarmory:small_steel_plate":8,"magistuarmory:pole":4,"slavicarmory:steel_bardiche":1,"magistuarmory:steel_ring":48,"magistuarmory:steel_plate":76,"magistuarmory:diamond_flamebladedsword":1,"minecraft:smoker":1,"minecraft:wheat":108,"minecraft:cooked_beef":21,"magistuarmory:steel_nugget":45,"magistuarmoryaddon:dark_jousting_chestplate":1,"magistuarmory:diamond_rondache":1,"magistuarmoryaddon:tablet_helmet":1,"magistuarmory:diamond_shortsword":1,"minecraft:cooked_porkchop":9,"minecraft:diamond_axe":1,"minecraft:crafting_table":8,"minecraft:wooden_pickaxe":1,"slavicarmory:steel_rus_axe":1,"minecraft:smithing_table":1,"magistuarmory:knight_chestplate":2,"magistuarmory:wood_roundshield":2,"magistuarmory:jousting_chestplate":1,"magistuarmory:maximilian_boots":1,"minecraft:stone_axe":1,"minecraft:bread":36,"minecraft:air":0,"magistuarmory:halfarmor_chestplate":3,"magistuarmory:jousting_boots":1,"magistuarmoryaddon:late_greathelm":1,"magistuarmory:iron_rondache":1,"minecraft:diamond_pickaxe":1,"minecraft:gold_nugget":90,"minecraft:stick":40,"magistuarmory:jousting_leggings":1,"magistuarmoryaddon:avant_leggings":1,"magistuarmoryaddon:dark_jousting_boots":1,"minecraft:iron_ingot":259,"magistuarmoryaddon:steel_english_poleaxe":1,"minecraft:iron_pickaxe":1,"magistuarmory:steel_chainmail":5,"minecraft:gold_ingot":8,"minecraft:anvil":1,"minecraft:white_bed":1,"magistuarmoryaddon:greenwich_chestplate":1,"magistuarmory:heavy_crossbow":1,"magistuarmoryaddon:dark_jousting_leggings":1,"magistuarmory:leather_strip":18},"minecraft:custom":{"minecraft:interact_with_smithing_table":8,"minecraft:interact_with_anvil":7,"minecraft:mob_kills":188,"minecraft:interact_with_crafting_table":130,"minecraft:leave_game":12,"minecraft:time_since_death":62375,"minecraft:climb_one_cm":8068,"minecraft:sprint_one_cm":2201862,"minecraft:damage_blocked_by_shield":6919,"minecraft:walk_one_cm":1581237,"minecraft:drop":59,"minecraft:talked_to_villager":3,"minecraft:play_time":430135,"minecraft:sneak_time":8960,"minecraft:deaths":12,"minecraft:walk_under_water_one_cm":110952,"minecraft:jump":2018,"minecraft:interact_with_blast_furnace":67,"minecraft:walk_on_water_one_cm":262579,"minecraft:total_world_time":430135,"minecraft:interact_with_furnace":35,"minecraft:sleep_in_bed":3,"minecraft:time_since_rest":22563,"minecraft:damage_taken":8224,"minecraft:damage_dealt":30659,"minecraft:swim_one_cm":414900,"minecraft:fly_one_cm":234853,"minecraft:open_chest":272,"minecraft:crouch_one_cm":20104,"minecraft:fall_one_cm":38292,"minecraft:interact_with_smoker":31,"minecraft:horse_one_cm":752799},"minecraft:mined":{"minecraft:dark_oak_planks":3,"minecraft:tuff":103,"minecraft:spruce_planks":3,"minecraft:white_bed":2,"minecraft:mossy_cobblestone":7,"minecraft:deepslate_diamond_ore":42,"minecraft:oak_door":4,"minecraft:obsidian":15,"minecraft:glow_lichen":1,"minecraft:nether_bricks":3,"minecraft:granite":38,"minecraft:grass_block":9,"minecraft:cracked_polished_blackstone_bricks":99,"minecraft:soul_soil":1,"minecraft:spruce_leaves":5,"minecraft:spawner":7,"minecraft:gilded_blackstone":1,"minecraft:magma_block":5,"minecraft:hay_block":12,"minecraft:polished_blackstone_bricks":101,"minecraft:tall_seagrass":1,"minecraft:raw_iron_block":6,"minecraft:furnace":3,"minecraft:iron_ore":48,"minecraft:polished_basalt":1,"immersive_weathering:mossy_stone":1,"minecraft:fire":6,"minecraft:cobbled_deepslate":11,"minecraft:andesite":55,"minecraft:pumpkin":26,"minecraft:deepslate_lapis_ore":11,"minecraft:pointed_dripstone":2,"minecraft:deepslate_iron_ore":89,"minecraft:packed_ice":92,"minecraft:stone":441,"immersive_weathering:oak_leaf_pile":2,"minecraft:crimson_nylium":1,"immersive_weathering:icicle":1,"minecraft:blackstone":11,"minecraft:soul_fire":1,"minecraft:basalt":13,"minecraft:crafting_table":7,"minecraft:blast_furnace":2,"immersive_weathering:soot":1,"minecraft:chest":11,"minecraft:nether_quartz_ore":5,"minecraft:copper_ore":5,"minecraft:tall_grass":6,"minecraft:cobblestone":22,"minecraft:deepslate_gold_ore":14,"minecraft:oak_planks":9,"minecraft:diorite":29,"immersive_weathering:moss":1,"immersive_weathering:permafrost":2,"minecraft:sweet_berry_bush":1,"minecraft:grass":25,"minecraft:coal_ore":54,"minecraft:oak_log":47,"minecraft:gravel":11,"minecraft:dirt":15,"minecraft:dripstone_block":16,"minecraft:cobweb":15,"minecraft:cracked_stone_bricks":1,"minecraft:ancient_debris":2,"minecraft:deepslate":768,"minecraft:netherrack":407,"minecraft:mossy_stone_bricks":2,"minecraft:oak_leaves":23,"minecraft:fern":1},"minecraft:killed":{"minecraft:cave_spider":6,"minecraft:witch":1,"minecraft:spider":11,"minecraft:horse":4,"minecraft:skeleton":23,"minecraft:chicken":1,"minecraft:drowned":5,"minecraft:piglin_brute":1,"minecraft:magma_cube":3,"minecraft:pig":9,"minecraft:creeper":2,"minecraft:squid":6,"minecraft:sheep":33,"minecraft:donkey":1,"minecraft:zombie":38,"minecraft:ghast":2,"minecraft:villager":1,"minecraft:blaze":26,"minecraft:enderman":2,"minecraft:cow":11},"minecraft:dropped":{"minecraft:golden_boots":1,"minecraft:glass_bottle":1,"minecraft:dripstone_block":1,"minecraft:cobblestone":60,"minecraft:book":18,"minecraft:leather":1,"minecraft:activator_rail":1,"minecraft:coal":21,"magistuarmory:rustedcrusader_boots":1,"minecraft:diamond_helmet":1,"magistuarmory:steel_ingot":3,"minecraft:glistering_melon_slice":9,"minecraft:string":7,"minecraft:white_wool":24,"magistuarmory:rustedchainmail_leggings":1,"minecraft:oak_door":3,"minecraft:iron_nugget":16,"magistuarmory:jousting_chestplate":1,"minecraft:cobbled_deepslate":70,"minecraft:bowl":1,"magistuarmory:steel_ring":3,"minecraft:rotten_flesh":5,"minecraft:oak_planks":32,"magistuarmory:rusted_heavymace":1,"magistuarmory:leather_strip":14,"magistuarmory:hilt":3,"magistuarmory:jousting_leggings":1,"minecraft:filled_map":4,"magistuarmory:jousting_boots":1,"minecraft:oak_sapling":1,"minecraft:basalt":1,"minecraft:stone_pickaxe":1,"immersive_weathering:moss_clump":5,"minecraft:wooden_pickaxe":1,"minecraft:raw_gold":14,"minecraft:netherrack":4},"minecraft:picked_up":{"minecraft:crafting_table":6,"minecraft:chicken":1,"minecraft:string":31,"minecraft:blackstone":4,"minecraft:activator_rail":1,"minecraft:cracked_stone_bricks":1,"minecraft:gold_nugget":2,"minecraft:cobbled_deepslate":468,"minecraft:beef":21,"minecraft:iron_nugget":16,"minecraft:chest":1,"minecraft:egg":2,"minecraft:furnace":3,"minecraft:raw_iron":422,"minecraft:stick":1,"minecraft:oak_door":4,"minecraft:torch":6,"magistuarmory:rusted_heavymace":2,"minecraft:porkchop":12,"minecraft:polished_blackstone_bricks":95,"minecraft:pointed_dripstone":2,"minecraft:diorite":2,"minecraft:redstone":5,"minecraft:arrow":22,"magistuarmory:jousting_leggings":1,"minecraft:rotten_flesh":34,"magistuarmory:steel_ingot":3,"minecraft:hay_block":12,"magistuarmory:jousting_boots":1,"minecraft:blaze_rod":14,"minecraft:mutton":47,"minecraft:obsidian":15,"minecraft:white_wool":51,"minecraft:rail":1,"minecraft:cobblestone":237,"minecraft:magma_block":3,"magistuarmory:rustedhalfarmor_chestplate":1,"minecraft:feather":2,"minecraft:basalt":8,"magistuarmory:rustedchainmail_boots":2,"minecraft:andesite":8,"minecraft:leather":16,"minecraft:filled_map":2,"minecraft:flint":6,"magistuarmory:hilt":3,"minecraft:tuff":92,"minecraft:oak_log":47,"minecraft:ancient_debris":2,"minecraft:gunpowder":1,"minecraft:lapis_lazuli":168,"minecraft:dirt":9,"minecraft:bone":18,"minecraft:bow":2,"minecraft:wheat_seeds":1,"minecraft:raw_gold":14,"minecraft:stone_pickaxe":2,"minecraft:mossy_stone_bricks":1,"minecraft:glass_bottle":1,"minecraft:glowstone_dust":2,"minecraft:oak_planks":37,"minecraft:book":20,"minecraft:ghast_tear":2,"minecraft:pumpkin":26,"minecraft:sweet_berries":3,"minecraft:quartz":11,"minecraft:raw_iron_block":6,"minecraft:dripstone_block":11,"minecraft:ink_sac":8,"minecraft:blast_furnace":2,"minecraft:white_bed":2,"magistuarmory:jousting_chestplate":1,"minecraft:grass_block":1,"magistuarmory:rustedchainmail_leggings":4,"minecraft:spider_eye":1,"minecraft:mossy_cobblestone":2,"minecraft:diamond":42,"magistuarmory:leather_strip":14,"magistuarmory:rustedcrusader_boots":1,"minecraft:cracked_polished_blackstone_bricks":93,"minecraft:granite":4,"minecraft:oak_sapling":1,"minecraft:netherrack":264,"minecraft:coal":277,"minecraft:crimson_roots":1,"minecraft:ender_pearl":2},"minecraft:killed_by":{"minecraft:wither_skeleton":1,"minecraft:enderman":1,"minecraft:drowned":1,"minecraft:piglin":1,"minecraft:blaze":1,"minecraft:zombie":1},"minecraft:used":{"slavicarmory:steel_rus_axe":155,"minecraft:flint_and_steel":1,"slavicarmory:steel_bardiche":2,"minecraft:chest":3,"minecraft:rotten_flesh":2,"minecraft:netherrack":107,"minecraft:oak_door":13,"immersive_weathering:golden_moss_clump":1,"minecraft:dirt":2,"minecraft:anvil":1,"minecraft:carrot":13,"minecraft:tuff":51,"minecraft:obsidian":11,"magistuarmory:diamond_rondache":81,"magistuarmoryaddon:avant_leggings":1,"minecraft:basalt":7,"minecraft:sweet_berries":3,"minecraft:furnace":4,"magistuarmory:heavy_crossbow":4,"minecraft:egg":1,"minecraft:cooked_beef":21,"minecraft:cobbled_deepslate":204,"minecraft:pumpkin":26,"minecraft:cooked_mutton":38,"minecraft:water_bucket":1,"minecraft:diorite":2,"minecraft:oak_planks":1,"minecraft:stone_pickaxe":2493,"minecraft:ender_pearl":2,"minecraft:wooden_pickaxe":14,"immersive_weathering:moss_clump":21,"minecraft:diamond_axe":214,"minecraft:polished_blackstone_bricks":37,"minecraft:white_bed":3,"magistuarmoryaddon:steel_english_poleaxe":7,"slavicarmory:steel_rus_sword":56,"minecraft:crafting_table":11,"minecraft:blast_furnace":3,"magistuarmory:diamond_flamebladedsword":21,"minecraft:dripstone_block":6,"magistuarmory:longbow":41,"minecraft:smoker":1,"minecraft:diamond_pickaxe":62,"minecraft:iron_pickaxe":48,"minecraft:cracked_polished_blackstone_bricks":37,"minecraft:bread":19,"minecraft:suspicious_stew":1,"minecraft:stone_axe":92,"minecraft:porkchop":3,"minecraft:cobblestone":16,"minecraft:smithing_table":1,"minecraft:cooked_porkchop":13,"minecraft:andesite":3,"minecraft:bucket":2,"magistuarmory:iron_rondache":53},"minecraft:broken":{"magistuarmory:iron_rondache":1,"minecraft:stone_axe":1}},"DataVersion":3120}