{"stats":{"minecraft:broken":{"minecraft:stone_axe":1,"magistuarmory:iron_rondache":1},"minecraft:custom":{"minecraft:interact_with_crafting_table":167,"minecraft:leave_game":22,"minecraft:time_since_death":9516,"minecraft:sprint_one_cm":3541289,"minecraft:damage_blocked_by_shield":6959,"minecraft:drop":122,"minecraft:talked_to_villager":4,"minecraft:play_time":710553,"minecraft:deaths":14,"minecraft:jump":2135,"minecraft:walk_on_water_one_cm":299302,"minecraft:interact_with_furnace":39,"minecraft:sleep_in_bed":6,"minecraft:damage_dealt":40078,"minecraft:crouch_one_cm":479052,"minecraft:interact_with_smoker":37,"minecraft:horse_one_cm":812159,"minecraft:interact_with_smithing_table":15,"minecraft:interact_with_anvil":15,"minecraft:mob_kills":248,"minecraft:climb_one_cm":8666,"minecraft:walk_one_cm":2540439,"minecraft:sneak_time":72177,"minecraft:walk_under_water_one_cm":114268,"minecraft:interact_with_blast_furnace":74,"minecraft:total_world_time":710553,"minecraft:time_since_rest":10521,"minecraft:damage_taken":10970,"minecraft:swim_one_cm":418686,"minecraft:fly_one_cm":235278,"minecraft:open_chest":423,"minecraft:fall_one_cm":38292},"minecraft:dropped":{"minecraft:glass_bottle":1,"magistuarmory:rustedcrusader_chestplate":1,"minecraft:weeping_vines":36,"minecraft:leather":1,"minecraft:red_mushroom":3,"minecraft:dirt":10,"magistuarmory:rusted_bastardsword":1,"minecraft:glistering_melon_slice":9,"minecraft:white_wool":24,"minecraft:bone":5,"magistuarmory:rustedchainmail_leggings":1,"minecraft:oak_door":3,"minecraft:iron_nugget":16,"immersive_weathering:oak_bark":1,"minecraft:cobbled_deepslate":70,"magistuarmory:steel_ring":3,"minecraft:wheat":8,"minecraft:rotten_flesh":29,"minecraft:oak_planks":32,"magistuarmory:leather_strip":14,"minecraft:azure_bluet":2,"magistuarmory:jousting_leggings":1,"magistuarmory:jousting_boots":1,"minecraft:basalt":1,"minecraft:arrow":2,"immersive_weathering:moss_clump":5,"minecraft:netherrack":4,"minecraft:egg":2,"minecraft:golden_boots":1,"minecraft:bread":5,"minecraft:wheat_seeds":1,"minecraft:dripstone_block":2,"minecraft:iron_helmet":1,"minecraft:cobblestone":105,"minecraft:book":18,"minecraft:activator_rail":1,"magistuarmory:rustedgreathelm":1,"minecraft:coal":21,"minecraft:stick":6,"magistuarmory:rustedcrusader_boots":1,"minecraft:oxeye_daisy":2,"minecraft:torch":6,"minecraft:diamond_helmet":1,"magistuarmory:steel_ingot":3,"minecraft:string":7,"minecraft:dandelion":3,"magistuarmory:jousting_chestplate":1,"minecraft:bowl":1,"magistuarmory:rusted_heavymace":1,"magistuarmory:hilt":3,"minecraft:filled_map":4,"minecraft:hay_block":1,"minecraft:shield":1,"minecraft:oak_sapling":7,"minecraft:stone_pickaxe":1,"minecraft:wooden_pickaxe":1,"minecraft:raw_gold":14},"minecraft:killed":{"minecraft:cave_spider":6,"minecraft:zombified_piglin":1,"minecraft:witch":1,"minecraft:spider":11,"minecraft:skeleton":40,"minecraft:chicken":1,"minecraft:piglin_brute":2,"minecraft:magma_cube":3,"minecraft:pig":13,"minecraft:creeper":9,"minecraft:sheep":33,"minecraft:donkey":1,"minecraft:zombie":61,"minecraft:ghast":3,"minecraft:cow":15,"minecraft:blaze":26,"minecraft:horse":5,"minecraft:drowned":5,"minecraft:squid":6,"minecraft:villager":1,"minecraft:enderman":2},"minecraft:picked_up":{"minecraft:iron_chestplate":1,"minecraft:wheat":18,"immersive_weathering:ash_layer_block":5,"minecraft:string":31,"minecraft:activator_rail":1,"minecraft:gold_nugget":2,"minecraft:cobbled_deepslate":472,"minecraft:bucket":4,"minecraft:furnace":3,"minecraft:iron_boots":1,"minecraft:stick":3,"minecraft:torch":25,"magistuarmory:rusted_heavymace":2,"minecraft:porkchop":23,"minecraft:pointed_dripstone":2,"minecraft:diorite":2,"magistuarmory:rustedcrusader_chestplate":1,"immersive_weathering:oak_bark":1,"minecraft:stone_sword":1,"magistuarmory:jousting_leggings":1,"minecraft:rotten_flesh":63,"minecraft:blaze_rod":14,"minecraft:obsidian":25,"minecraft:cobblestone":4029,"minecraft:magma_block":4,"minecraft:feather":2,"magistuarmory:rustedchainmail_boots":2,"minecraft:andesite":8,"minecraft:tuff":92,"minecraft:flint":14,"magistuarmory:hilt":3,"minecraft:lapis_lazuli":168,"minecraft:dirt":108,"minecraft:bone":40,"minecraft:bow":3,"minecraft:wheat_seeds":22,"minecraft:raw_gold":14,"minecraft:mossy_stone_bricks":1,"minecraft:glowstone_dust":2,"minecraft:oak_planks":37,"minecraft:ghast_tear":2,"minecraft:ink_sac":8,"magistuarmory:jousting_chestplate":1,"minecraft:grass_block":1,"magistuarmory:rustedgreathelm":1,"minecraft:mossy_cobblestone":46,"minecraft:diamond":42,"minecraft:lever":5,"magistuarmory:leather_strip":14,"minecraft:cracked_polished_blackstone_bricks":93,"minecraft:granite":4,"minecraft:bread":5,"minecraft:oak_sapling":13,"minecraft:netherrack":780,"minecraft:crimson_roots":5,"minecraft:crafting_table":6,"minecraft:azure_bluet":3,"minecraft:chicken":1,"minecraft:shield":2,"minecraft:cornflower":2,"minecraft:compass":3,"minecraft:blackstone":5,"minecraft:cracked_stone_bricks":1,"minecraft:beef":28,"minecraft:iron_nugget":17,"minecraft:poppy":2,"minecraft:chest":1,"minecraft:egg":8,"minecraft:raw_iron":459,"minecraft:oak_door":4,"minecraft:polished_blackstone_bricks":95,"minecraft:redstone":28,"minecraft:stone_pressure_plate":1,"minecraft:weeping_vines":36,"minecraft:arrow":34,"magistuarmory:steel_ingot":3,"minecraft:hay_block":50,"magistuarmory:jousting_boots":1,"minecraft:mutton":47,"minecraft:rail":1,"minecraft:white_wool":51,"minecraft:oxeye_daisy":5,"magistuarmory:rustedhalfarmor_chestplate":2,"minecraft:basalt":8,"minecraft:glow_ink_sac":9,"minecraft:leather":23,"minecraft:red_mushroom":3,"minecraft:filled_map":2,"minecraft:oak_log":67,"minecraft:ancient_debris":16,"minecraft:gunpowder":4,"minecraft:stone_bricks":2,"minecraft:stone_pickaxe":2,"minecraft:glass_bottle":1,"minecraft:book":20,"minecraft:pumpkin":26,"minecraft:sweet_berries":3,"minecraft:chiseled_stone_bricks":2,"minecraft:quartz":18,"minecraft:dandelion":4,"minecraft:raw_iron_block":6,"minecraft:dripstone_block":14,"minecraft:gravel":1,"minecraft:blast_furnace":2,"minecraft:white_bed":2,"magistuarmory:rustedchainmail_leggings":4,"minecraft:spider_eye":1,"magistuarmory:rusted_bastardsword":1,"minecraft:chainmail_leggings":1,"magistuarmory:rustedcrusader_boots":2,"minecraft:iron_helmet":1,"minecraft:coal":380,"minecraft:ender_pearl":2},"minecraft:mined":{"minecraft:dark_oak_planks":3,"minecraft:spruce_planks":3,"minecraft:white_bed":2,"minecraft:obsidian":25,"minecraft:granite":38,"minecraft:grass_block":20,"minecraft:cracked_polished_blackstone_bricks":99,"minecraft:soul_soil":1,"minecraft:oxeye_daisy":1,"minecraft:gilded_blackstone":1,"minecraft:chiseled_stone_bricks":2,"minecraft:spawner":7,"minecraft:weeping_vines_plant":22,"minecraft:polished_blackstone_bricks":101,"minecraft:tall_seagrass":1,"minecraft:magma_block":6,"minecraft:raw_iron_block":6,"immersive_weathering:mossy_stone":1,"minecraft:iron_ore":60,"minecraft:cobbled_deepslate":11,"minecraft:fire":14,"minecraft:pumpkin":26,"minecraft:deepslate_lapis_ore":11,"minecraft:azure_bluet":2,"minecraft:pointed_dripstone":2,"immersive_weathering:oak_leaf_pile":20,"minecraft:deepslate_redstone_ore":5,"minecraft:blackstone":12,"minecraft:crimson_nylium":1,"minecraft:soul_fire":1,"minecraft:blast_furnace":2,"minecraft:chest":11,"minecraft:nether_quartz_ore":8,"minecraft:cobblestone":995,"minecraft:oak_planks":9,"minecraft:wall_torch":2,"minecraft:grass":155,"minecraft:oak_log":67,"minecraft:dirt":99,"immersive_weathering:weeds":2,"minecraft:netherrack":992,"minecraft:ancient_debris":16,"minecraft:oak_leaves":34,"minecraft:deepslate":772,"minecraft:tuff":103,"minecraft:mossy_cobblestone":68,"minecraft:deepslate_diamond_ore":42,"minecraft:oak_door":4,"minecraft:glow_lichen":1,"minecraft:lever":2,"minecraft:nether_bricks":3,"minecraft:crimson_roots":5,"minecraft:weeping_vines":2,"minecraft:spruce_leaves":5,"minecraft:hay_block":49,"minecraft:furnace":4,"minecraft:polished_basalt":1,"minecraft:andesite":55,"minecraft:deepslate_iron_ore":89,"minecraft:packed_ice":92,"minecraft:stone":3579,"immersive_weathering:icicle":1,"minecraft:basalt":13,"minecraft:dandelion":2,"minecraft:crafting_table":8,"immersive_weathering:soot":1,"minecraft:tall_grass":12,"minecraft:copper_ore":5,"minecraft:deepslate_gold_ore":14,"minecraft:diorite":29,"immersive_weathering:moss":1,"immersive_weathering:permafrost":2,"minecraft:sweet_berry_bush":1,"minecraft:coal_ore":87,"minecraft:gravel":19,"minecraft:dripstone_block":19,"minecraft:cobweb":15,"minecraft:cracked_stone_bricks":1,"minecraft:stone_bricks":2,"minecraft:mossy_stone_bricks":2,"minecraft:fern":1},"minecraft:used":{"minecraft:diamond_hoe":50,"slavicarmory:steel_bardiche":2,"minecraft:chest":8,"minecraft:rotten_flesh":2,"magistuarmory:netherite_rondache":1,"minecraft:carrot":13,"minecraft:tuff":51,"minecraft:obsidian":11,"minecraft:lava_bucket":148,"magistuarmory:diamond_rondache":81,"magistuarmory:netherite_concavehalberd":97,"minecraft:stone_bricks":2,"minecraft:sweet_berries":3,"minecraft:furnace":5,"minecraft:egg":1,"minecraft:diorite":2,"minecraft:oak_planks":2,"minecraft:stone_pickaxe":7207,"minecraft:ender_pearl":2,"minecraft:wooden_pickaxe":14,"minecraft:diamond_axe":295,"minecraft:blast_furnace":3,"minecraft:dripstone_block":6,"slavicarmory:steel_rus_sword":56,"magistuarmory:longbow":41,"minecraft:lever":2,"minecraft:bread":77,"minecraft:smithing_table":1,"minecraft:andesite":3,"slavicarmory:steel_rus_axe":155,"minecraft:flint_and_steel":1,"minecraft:netherrack":148,"minecraft:oak_door":13,"minecraft:torch":80,"immersive_weathering:golden_moss_clump":1,"minecraft:dirt":13,"minecraft:anvil":1,"magistuarmoryaddon:avant_leggings":1,"minecraft:basalt":7,"magistuarmory:heavy_crossbow":4,"minecraft:cooked_beef":21,"minecraft:cobbled_deepslate":208,"minecraft:pumpkin":26,"minecraft:cooked_mutton":47,"minecraft:water_bucket":52,"immersive_weathering:moss_clump":21,"minecraft:polished_blackstone_bricks":37,"minecraft:mossy_cobblestone":28,"minecraft:crafting_table":12,"magistuarmoryaddon:steel_english_poleaxe":7,"minecraft:white_bed":3,"magistuarmory:diamond_flamebladedsword":21,"minecraft:smoker":1,"minecraft:diamond_pickaxe":236,"minecraft:cracked_polished_blackstone_bricks":37,"minecraft:iron_pickaxe":48,"minecraft:suspicious_stew":1,"minecraft:stone_axe":92,"minecraft:chiseled_stone_bricks":2,"minecraft:porkchop":3,"minecraft:cobblestone":3529,"minecraft:cooked_porkchop":13,"minecraft:bucket":232,"magistuarmory:iron_rondache":53},"minecraft:killed_by":{"minecraft:wither_skeleton":1,"minecraft:creeper":1,"minecraft:drowned":1,"minecraft:piglin":1,"minecraft:blaze":1,"minecraft:zombie":2,"minecraft:enderman":1},"minecraft:crafted":{"minecraft:black_dye":8,"magistuarmoryaddon:avant_boots":1,"minecraft:oak_planks":252,"minecraft:smooth_stone":3,"magistuarmory:netherite_rondache":1,"magistuarmory:netherite_concavehalberd":1,"minecraft:blaze_powder":14,"minecraft:stone":5,"minecraft:lever":3,"magistuarmoryaddon:dark_maximilian_helmet":1,"minecraft:cooked_mutton":47,"magistuarmory:diamond_zweihander":1,"magistuarmoryaddon:golden_necklace_decoration":1,"magistuarmory:diamond_concavehalberd":1,"magistuarmory:steel_shortsword":2,"minecraft:stone_pressure_plate":1,"minecraft:chest":7,"magistuarmory:maximilian_leggings":1,"magistuarmory:maximilian_chestplate":1,"magistuarmory:small_steel_plate":8,"magistuarmory:pole":4,"slavicarmory:steel_bardiche":1,"minecraft:smoker":1,"magistuarmory:steel_nugget":45,"magistuarmory:diamond_shortsword":1,"minecraft:emerald":117,"minecraft:cooked_porkchop":9,"minecraft:diamond_axe":1,"minecraft:crafting_table":9,"minecraft:wooden_pickaxe":1,"slavicarmory:steel_rus_axe":1,"minecraft:smithing_table":1,"magistuarmory:wood_roundshield":3,"magistuarmory:halfarmor_chestplate":3,"magistuarmory:jousting_boots":1,"magistuarmoryaddon:late_greathelm":1,"minecraft:diamond_pickaxe":1,"magistuarmory:iron_rondache":1,"minecraft:emerald_block":8,"minecraft:stick":68,"magistuarmoryaddon:avant_leggings":1,"minecraft:iron_ingot":345,"magistuarmoryaddon:steel_english_poleaxe":1,"minecraft:compass":2,"minecraft:iron_pickaxe":1,"magistuarmory:steel_chainmail":5,"minecraft:gold_ingot":8,"minecraft:netherite_ingot":3,"magistuarmory:leather_strip":18,"minecraft:oak_door":12,"minecraft:raw_iron":54,"minecraft:tripwire_hook":2,"minecraft:iron_nugget":9,"magistuarmory:maximilian_helmet":1,"minecraft:diamond_hoe":2,"magistuarmory:knight_boots":1,"minecraft:furnace":5,"minecraft:blast_furnace":1,"magistuarmory:longbow":1,"slavicarmory:steel_rus_sword":1,"minecraft:flint_and_steel":1,"magistuarmory:hilt":14,"magistuarmory:knight_leggings":1,"magistuarmory:steel_ingot":193,"magistuarmory:barbute":1,"magistuarmoryaddon:golden_cross_necklace_decoration":1,"minecraft:netherite_scrap":18,"magistuarmory:steel_ring":48,"magistuarmory:steel_plate":76,"magistuarmory:diamond_flamebladedsword":1,"minecraft:wheat":422,"minecraft:cooked_beef":21,"magistuarmoryaddon:dark_jousting_chestplate":1,"magistuarmory:diamond_rondache":2,"magistuarmoryaddon:tablet_helmet":1,"magistuarmory:knight_chestplate":2,"magistuarmory:jousting_chestplate":1,"minecraft:bucket":55,"magistuarmory:maximilian_boots":1,"minecraft:stone_axe":1,"minecraft:bread":144,"minecraft:air":0,"minecraft:gold_nugget":90,"magistuarmory:jousting_leggings":1,"magistuarmoryaddon:dark_jousting_boots":1,"minecraft:anvil":1,"minecraft:white_bed":1,"magistuarmoryaddon:greenwich_chestplate":1,"magistuarmoryaddon:steel_executioners_sword":1,"magistuarmory:heavy_crossbow":1,"minecraft:torch":100,"magistuarmoryaddon:dark_jousting_leggings":1}},"DataVersion":3120}