{"stats":{"minecraft:mined":{"minecraft:tuff":39,"minecraft:white_bed":1,"minecraft:deepslate_diamond_ore":34,"monobank:monobank":1,"minecraft:crafting_table":7,"immersive_weathering:birch_leaf_pile":5,"minecraft:granite":10,"minecraft:grass_block":2,"minecraft:deepslate_gold_ore":10,"minecraft:diorite":9,"minecraft:wall_torch":1,"minecraft:furnace":5,"immersive_weathering:mossy_stone":1,"minecraft:birch_log":7,"minecraft:iron_ore":11,"minecraft:andesite":25,"minecraft:pumpkin":1,"minecraft:deepslate_lapis_ore":7,"minecraft:bee_nest":1,"minecraft:grass":23,"minecraft:oak_log":2,"minecraft:coal_ore":39,"minecraft:gravel":6,"minecraft:dirt":4,"immersive_weathering:ivy":1,"minecraft:stone":167,"minecraft:gold_ore":1,"minecraft:deepslate":245},"minecraft:used":{"minecraft:stone_pickaxe":566,"minecraft:diamond_axe":1,"minecraft:torch":1,"minecraft:dirt":1,"minecraft:crafting_table":8,"minecraft:white_bed":1,"monobank:monobank":1,"minecraft:oak_log":1,"minecraft:wooden_axe":27,"minecraft:diamond_pickaxe":6,"minecraft:iron_pickaxe":44,"minecraft:diamond_sword":106,"minecraft:furnace":6,"minecraft:cooked_porkchop":7,"minecraft:egg":6,"minecraft:cobbled_deepslate":113,"minecraft:diamond_leggings":1},"minecraft:crafted":{"minecraft:oak_planks":4,"minecraft:diamond_sword":1,"minecraft:cooked_porkchop":5,"minecraft:diamond_axe":1,"minecraft:crafting_table":1,"minecraft:furnace":2,"minecraft:stone":5,"minecraft:birch_planks":28,"minecraft:air":0,"minecraft:diamond_helmet":1,"minecraft:diamond_leggings":1,"minecraft:iron_chestplate":1,"minecraft:diamond_pickaxe":1,"minecraft:shield":1,"minecraft:stone_slab":6,"minecraft:stick":16,"minecraft:iron_ingot":15,"minecraft:iron_pickaxe":1,"minecraft:wooden_axe":1,"minecraft:stone_pressure_plate":1,"minecraft:diamond_boots":1,"minecraft:white_bed":1,"minecraft:torch":32,"minecraft:diamond_chestplate":1},"minecraft:killed":{"minecraft:pig":23,"minecraft:salmon":1,"minecraft:spider":1,"minecraft:horse":3,"minecraft:sheep":11,"minecraft:zombie":2,"minecraft:chicken":10,"minecraft:cow":5},"minecraft:dropped":{"minecraft:wheat_seeds":1,"minecraft:cobbled_deepslate":147,"minecraft:birch_sapling":1,"minecraft:feather":8,"minecraft:rotten_flesh":2,"minecraft:leather":4,"minecraft:granite":2,"minecraft:flint":10,"minecraft:gray_wool":1,"minecraft:wooden_axe":1,"minecraft:bucket":2},"minecraft:custom":{"minecraft:interact_with_furnace":19,"minecraft:mob_kills":56,"minecraft:interact_with_crafting_table":16,"minecraft:open_barrel":5,"minecraft:leave_game":1,"minecraft:time_since_death":55111,"minecraft:sleep_in_bed":2,"minecraft:climb_one_cm":440,"minecraft:time_since_rest":39966,"minecraft:sprint_one_cm":95616,"minecraft:damage_taken":280,"minecraft:walk_one_cm":108669,"minecraft:drop":23,"minecraft:damage_dealt":5290,"minecraft:swim_one_cm":10128,"minecraft:fly_one_cm":124619,"minecraft:open_chest":1,"minecraft:crouch_one_cm":304,"minecraft:play_time":55111,"minecraft:sneak_time":469,"minecraft:walk_under_water_one_cm":3411,"minecraft:jump":900,"minecraft:walk_on_water_one_cm":7015,"minecraft:total_world_time":55111,"minecraft:fall_one_cm":17445,"minecraft:horse_one_cm":10329},"minecraft:picked_up":{"minecraft:wooden_axe":1,"minecraft:birch_log":7,"minecraft:crafting_table":7,"minecraft:feather":8,"minecraft:chicken":10,"monobank:monobank":1,"minecraft:andesite":24,"minecraft:leather":4,"minecraft:flint":15,"minecraft:tuff":39,"minecraft:oak_log":2,"minecraft:lapis_lazuli":106,"minecraft:dirt":1,"minecraft:wheat_seeds":1,"minecraft:cobbled_deepslate":257,"minecraft:raw_gold":11,"minecraft:bucket":6,"minecraft:beef":10,"minecraft:iron_ingot":1,"minecraft:stone_pickaxe":1,"minecraft:chest":1,"minecraft:birch_sapling":1,"minecraft:egg":6,"minecraft:furnace":5,"minecraft:stick":1,"minecraft:raw_iron":41,"minecraft:cooked_porkchop":4,"minecraft:torch":1,"minecraft:porkchop":58,"minecraft:diorite":9,"minecraft:white_bed":1,"minecraft:stone_pressure_plate":1,"minecraft:rotten_flesh":2,"minecraft:diamond":34,"minecraft:granite":2,"minecraft:gray_wool":1,"minecraft:mutton":18,"minecraft:coal":208,"minecraft:white_wool":3,"minecraft:cobblestone":148}},"DataVersion":3120}