{"stats":{"minecraft:broken":{"minecraft:stone_shovel":5},"minecraft:dropped":{"minecraft:diamond_axe":2,"minecraft:wheat_seeds":2,"minecraft:feather":8,"minecraft:cobblestone":115,"minecraft:leather":4,"minecraft:granite":2,"minecraft:acacia_log":2,"minecraft:red_carpet":1,"minecraft:flint":10,"minecraft:dirt":5,"minecraft:gray_wool":1,"minecraft:torch":1,"minecraft:wooden_axe":1,"minecraft:rose_bush":1,"minecraft:iron_pickaxe":2,"minecraft:birch_log":5,"minecraft:bucket":2,"minecraft:cobbled_deepslate":191,"minecraft:birch_sapling":1,"minecraft:wheat":2,"minecraft:rotten_flesh":3,"minecraft:diamond_sword":2,"minecraft:stone_pressure_plate":1,"minecraft:acacia_fence":1,"minecraft:egg":2},"minecraft:custom":{"minecraft:mob_kills":86,"minecraft:interact_with_crafting_table":37,"minecraft:open_barrel":19,"minecraft:leave_game":3,"minecraft:time_since_death":2035,"minecraft:climb_one_cm":6721,"minecraft:sprint_one_cm":234926,"minecraft:damage_blocked_by_shield":386,"minecraft:walk_one_cm":508476,"minecraft:drop":93,"minecraft:talked_to_villager":1,"minecraft:play_time":205458,"minecraft:deaths":2,"minecraft:sneak_time":5659,"minecraft:walk_under_water_one_cm":9734,"minecraft:boat_one_cm":423529,"minecraft:jump":2808,"minecraft:walk_on_water_one_cm":16954,"minecraft:total_world_time":205458,"minecraft:interact_with_furnace":52,"minecraft:interact_with_stonecutter":1,"minecraft:sleep_in_bed":7,"minecraft:time_since_rest":678,"minecraft:damage_taken":2295,"minecraft:damage_dealt":9514,"minecraft:swim_one_cm":19961,"minecraft:fly_one_cm":343992,"minecraft:open_chest":38,"minecraft:crouch_one_cm":19193,"minecraft:fall_one_cm":75001,"minecraft:horse_one_cm":10329},"minecraft:killed":{"minecraft:spider":4,"minecraft:skeleton":3,"minecraft:horse":3,"minecraft:chicken":10,"minecraft:pig":28,"minecraft:salmon":6,"minecraft:frog":1,"minecraft:sheep":12,"minecraft:zombie":12,"minecraft:cow":6},"minecraft:picked_up":{"minecraft:wooden_axe":1,"minecraft:crafting_table":10,"minecraft:wheat":18,"minecraft:chicken":10,"minecraft:ladder":7,"monobank:monobank":1,"minecraft:diamond_sword":2,"minecraft:lead":9,"minecraft:brewing_stand":1,"minecraft:string":1,"minecraft:cobbled_deepslate":345,"minecraft:bucket":6,"minecraft:beef":12,"minecraft:rose_bush":1,"minecraft:iron_nugget":2,"minecraft:poppy":2,"minecraft:iron_pickaxe":1,"minecraft:sugar_cane":12,"minecraft:chest":2,"minecraft:birch_sapling":1,"minecraft:furnace":7,"minecraft:egg":14,"minecraft:stick":3,"minecraft:raw_iron":41,"minecraft:acacia_fence":1,"minecraft:torch":13,"minecraft:acacia_log":4,"minecraft:porkchop":66,"minecraft:diorite":9,"minecraft:stone_pressure_plate":3,"minecraft:arrow":2,"minecraft:rotten_flesh":8,"minecraft:hay_block":8,"minecraft:mutton":19,"minecraft:white_wool":4,"minecraft:cobblestone":981,"minecraft:birch_log":12,"minecraft:feather":8,"minecraft:tripwire_hook":3,"minecraft:andesite":24,"minecraft:salmon":4,"minecraft:leather":5,"minecraft:flint":20,"minecraft:tuff":39,"minecraft:oak_log":10,"minecraft:lapis_lazuli":106,"minecraft:dirt":767,"minecraft:red_carpet":1,"minecraft:bone":2,"minecraft:acacia_planks":1,"minecraft:bow":1,"minecraft:wheat_seeds":9,"minecraft:raw_gold":11,"minecraft:stone_pickaxe":1,"minecraft:iron_ingot":2,"minecraft:glass_bottle":3,"minecraft:book":2,"minecraft:cooked_porkchop":4,"minecraft:birch_boat":1,"minecraft:dandelion":1,"minecraft:gravel":65,"minecraft:sand":18,"minecraft:white_bed":2,"minecraft:diamond":34,"minecraft:lever":1,"minecraft:granite":41,"minecraft:diamond_axe":2,"minecraft:bone_meal":1,"minecraft:gray_wool":1,"minecraft:coal":263},"minecraft:mined":{"minecraft:tuff":39,"minecraft:white_bed":2,"minecraft:mossy_cobblestone":1,"immersive_weathering:acacia_leaf_pile":1,"minecraft:deepslate_diamond_ore":34,"minecraft:brewing_stand":1,"immersive_weathering:birch_leaf_pile":5,"minecraft:ladder":7,"minecraft:granite":49,"minecraft:acacia_log":2,"minecraft:grass_block":370,"minecraft:hay_block":8,"minecraft:furnace":7,"immersive_weathering:mossy_stone":1,"minecraft:iron_ore":11,"minecraft:andesite":25,"minecraft:pumpkin":1,"minecraft:deepslate_lapis_ore":7,"immersive_weathering:ivy":1,"minecraft:stone":860,"monobank:monobank":1,"minecraft:dandelion":1,"minecraft:crafting_table":10,"minecraft:torch":11,"minecraft:chest":1,"minecraft:rose_bush":1,"minecraft:tall_grass":3,"minecraft:cobblestone":40,"minecraft:deepslate_gold_ore":10,"minecraft:sugar_cane":5,"minecraft:diorite":9,"minecraft:wall_torch":1,"minecraft:birch_log":12,"minecraft:bee_nest":1,"minecraft:grass":47,"minecraft:oak_log":10,"minecraft:coal_ore":41,"minecraft:acacia_fence":1,"minecraft:gravel":76,"minecraft:sand":20,"minecraft:dirt":407,"minecraft:acacia_planks":1,"minecraft:gold_ore":1,"minecraft:deepslate":245},"minecraft:used":{"minecraft:stone_shovel":739,"minecraft:ladder":10,"minecraft:chest":5,"minecraft:shield":6,"minecraft:torch":34,"minecraft:dirt":762,"minecraft:glass":12,"minecraft:wooden_axe":27,"minecraft:furnace":9,"minecraft:egg":7,"minecraft:cobbled_deepslate":119,"minecraft:water_bucket":4,"minecraft:stone_pickaxe":1345,"minecraft:birch_boat":1,"minecraft:diamond_axe":30,"minecraft:crafting_table":13,"minecraft:white_bed":3,"monobank:monobank":1,"minecraft:oak_log":1,"minecraft:diamond_pickaxe":6,"minecraft:iron_pickaxe":44,"minecraft:diamond_sword":204,"minecraft:cobblestone":122,"minecraft:cooked_porkchop":25,"minecraft:bucket":6,"minecraft:diamond_leggings":1},"minecraft:killed_by":{"minecraft:skeleton":1,"minecraft:zombie":1},"minecraft:crafted":{"minecraft:oak_planks":36,"minecraft:stone_shovel":6,"minecraft:tripwire_hook":2,"minecraft:iron_nugget":9,"minecraft:birch_boat":1,"minecraft:furnace":2,"minecraft:stone":5,"minecraft:lever":1,"minecraft:glass":15,"minecraft:diamond_helmet":1,"minecraft:diamond_leggings":1,"minecraft:ladder":3,"minecraft:stone_pressure_plate":1,"minecraft:chest":3,"minecraft:diamond_boots":1,"minecraft:wheat":64,"minecraft:glass_bottle":3,"minecraft:diamond_sword":1,"minecraft:emerald":27,"minecraft:cooked_porkchop":49,"minecraft:diamond_axe":1,"minecraft:crafting_table":3,"minecraft:birch_planks":28,"minecraft:bread":24,"minecraft:air":0,"minecraft:iron_chestplate":1,"minecraft:book":1,"minecraft:paper":3,"minecraft:diamond_pickaxe":1,"minecraft:shield":1,"minecraft:stick":28,"minecraft:stone_slab":6,"minecraft:iron_ingot":31,"minecraft:iron_pickaxe":1,"minecraft:wooden_axe":1,"minecraft:gold_ingot":47,"minecraft:white_bed":1,"minecraft:acacia_planks":8,"minecraft:torch":32,"minecraft:diamond_chestplate":1}},"DataVersion":3120}