{"stats":{"minecraft:custom":{"minecraft:mob_kills":38,"minecraft:animals_bred":2,"minecraft:interact_with_crafting_table":28,"minecraft:leave_game":2,"minecraft:time_since_death":22806,"minecraft:climb_one_cm":4885,"minecraft:sprint_one_cm":222427,"minecraft:walk_one_cm":707582,"minecraft:damage_blocked_by_shield":255,"minecraft:drop":3,"minecraft:play_time":147180,"minecraft:deaths":2,"minecraft:sneak_time":4288,"minecraft:walk_under_water_one_cm":17476,"minecraft:boat_one_cm":109176,"minecraft:jump":2566,"minecraft:interact_with_blast_furnace":7,"minecraft:walk_on_water_one_cm":52484,"minecraft:total_world_time":147180,"minecraft:interact_with_furnace":13,"minecraft:interact_with_stonecutter":7,"minecraft:sleep_in_bed":1,"minecraft:time_since_rest":22476,"minecraft:damage_taken":1747,"minecraft:damage_dealt":5313,"minecraft:swim_one_cm":9270,"minecraft:fly_one_cm":370085,"minecraft:open_chest":68,"minecraft:crouch_one_cm":20184,"minecraft:interact_with_smoker":4,"minecraft:fall_one_cm":66308},"minecraft:crafted":{"minecraft:oak_planks":228,"minecraft:stone_brick_wall":6,"minecraft:furnace":3,"minecraft:cooked_mutton":4,"minecraft:iron_hoe":1,"minecraft:chest":4,"immersive_weathering:charred_planks":1,"minecraft:stone_bricks":256,"minecraft:oak_fence":21,"minecraft:cooked_beef":10,"minecraft:cooked_porkchop":5,"minecraft:crafting_table":3,"minecraft:bucket":2,"minecraft:birch_planks":32,"minecraft:stone_axe":2,"minecraft:bread":61,"minecraft:air":0,"minecraft:oak_boat":1,"minecraft:white_wool":16,"minecraft:stick":100,"minecraft:iron_pickaxe":1,"minecraft:iron_shovel":5,"minecraft:torch":84,"minecraft:deepslate_bricks":224},"minecraft:mined":{"minecraft:tuff":15,"minecraft:sculk_vein":2,"minecraft:cobblestone_stairs":2,"immersive_weathering:birch_leaf_pile":1,"minecraft:grass_block":1212,"minecraft:furnace":1,"immersive_weathering:mossy_stone":10,"minecraft:iron_ore":22,"minecraft:andesite":1,"minecraft:pumpkin":23,"immersive_weathering:charred_planks":1,"minecraft:azure_bluet":14,"minecraft:pointed_dripstone":13,"minecraft:deepslate_iron_ore":2,"immersive_weathering:ivy":1,"minecraft:stone":1100,"immersive_weathering:oak_leaf_pile":2,"minecraft:crafting_table":4,"minecraft:torch":1,"minecraft:poppy":11,"minecraft:chest":1,"minecraft:cobblestone":4,"minecraft:tall_grass":38,"minecraft:copper_ore":5,"minecraft:sugar_cane":7,"minecraft:sculk":12,"minecraft:diorite":65,"minecraft:wall_torch":8,"minecraft:deepslate_copper_ore":3,"minecraft:birch_log":12,"minecraft:wheat":210,"minecraft:grass":260,"minecraft:oak_log":103,"minecraft:coal_ore":83,"minecraft:gravel":59,"minecraft:dripstone_block":27,"minecraft:dirt":41,"minecraft:stone_bricks":1,"minecraft:oak_leaves":18,"minecraft:deepslate":444,"minecraft:fern":5},"minecraft:killed":{"minecraft:spider":3,"minecraft:skeleton":4,"minecraft:pig":4,"minecraft:creeper":2,"minecraft:sheep":6,"minecraft:pillager":1,"minecraft:zombie":5,"minecraft:cow":10,"minecraft:enderman":1},"minecraft:dropped":{"minecraft:wheat_seeds":2,"minecraft:stone_pickaxe":1},"minecraft:picked_up":{"minecraft:crafting_table":4,"minecraft:wheat":198,"minecraft:azure_bluet":33,"minecraft:string":1,"minecraft:raw_copper":64,"minecraft:cobbled_deepslate":433,"minecraft:beef":13,"minecraft:poppy":39,"minecraft:light_gray_wool":1,"minecraft:sugar_cane":15,"minecraft:chest":2,"minecraft:birch_sapling":1,"minecraft:furnace":1,"minecraft:raw_iron":74,"minecraft:stick":2,"minecraft:torch":20,"magistuarmory:rustedbarbute":1,"minecraft:porkchop":9,"minecraft:pointed_dripstone":16,"minecraft:diorite":65,"minecraft:arrow":8,"minecraft:rotten_flesh":5,"minecraft:mutton":8,"minecraft:white_wool":4,"minecraft:cobblestone":1079,"minecraft:birch_log":12,"minecraft:andesite":1,"minecraft:leather":9,"minecraft:flint":19,"minecraft:tuff":15,"minecraft:oak_log":103,"minecraft:gunpowder":2,"minecraft:cobblestone_stairs":2,"minecraft:dirt":1263,"minecraft:white_banner":1,"minecraft:bone":5,"minecraft:stone_bricks":1,"minecraft:bow":1,"minecraft:wheat_seeds":611,"minecraft:stone_pickaxe":2,"minecraft:pumpkin":24,"minecraft:dripstone_block":27,"minecraft:gravel":40,"magistuarmory:rustedchainmail_leggings":1,"magistuarmory:rustedgreathelm":1,"minecraft:spider_eye":1,"minecraft:mossy_cobblestone":8,"magistuarmory:corruptedroundshield":1,"minecraft:oak_sapling":4,"minecraft:coal":219,"minecraft:black_wool":1},"minecraft:killed_by":{"minecraft:zombie":1},"minecraft:used":{"minecraft:oak_fence":20,"minecraft:iron_shovel":1444,"immersive_weathering:charred_planks":1,"minecraft:chest":5,"magistuarmory:wood_heatershield":8,"minecraft:torch":172,"minecraft:dirt":456,"minecraft:iron_hoe":184,"magistuarmory:steel_bastardsword":63,"minecraft:iron_axe":105,"minecraft:stone_bricks":41,"minecraft:furnace":3,"minecraft:cooked_beef":7,"minecraft:cobbled_deepslate":6,"minecraft:wheat_seeds":370,"minecraft:cooked_mutton":3,"minecraft:water_bucket":9,"minecraft:diorite":2,"minecraft:cobblestone_stairs":194,"minecraft:stone_pickaxe":1810,"minecraft:sugar_cane":2,"minecraft:white_wool":13,"minecraft:crafting_table":6,"minecraft:stone_brick_wall":40,"minecraft:smoker":1,"minecraft:oak_log":13,"minecraft:bread":6,"minecraft:iron_pickaxe":22,"minecraft:gravel":7,"minecraft:stone_axe":153,"minecraft:cobblestone":55,"minecraft:cooked_porkchop":5,"minecraft:bucket":9,"minecraft:andesite":1,"minecraft:oak_boat":1},"minecraft:broken":{"minecraft:iron_shovel":5,"minecraft:stone_axe":1}},"DataVersion":3120}