{"stats":{"minecraft:custom":{"minecraft:mob_kills":42,"minecraft:animals_bred":2,"minecraft:interact_with_crafting_table":38,"minecraft:leave_game":3,"minecraft:time_since_death":135251,"minecraft:climb_one_cm":5417,"minecraft:sprint_one_cm":355881,"minecraft:walk_one_cm":1217375,"minecraft:damage_blocked_by_shield":335,"minecraft:drop":12,"minecraft:play_time":259625,"minecraft:deaths":2,"minecraft:sneak_time":7705,"minecraft:walk_under_water_one_cm":48573,"minecraft:boat_one_cm":109176,"minecraft:jump":3536,"minecraft:interact_with_blast_furnace":9,"minecraft:walk_on_water_one_cm":103114,"minecraft:total_world_time":259625,"minecraft:interact_with_furnace":15,"minecraft:interact_with_stonecutter":15,"minecraft:sleep_in_bed":2,"minecraft:time_since_rest":44827,"minecraft:damage_taken":2096,"minecraft:damage_dealt":5870,"minecraft:swim_one_cm":12898,"minecraft:fly_one_cm":466232,"minecraft:open_chest":81,"minecraft:crouch_one_cm":31022,"minecraft:interact_with_smoker":4,"minecraft:fall_one_cm":82170},"minecraft:crafted":{"minecraft:oak_planks":348,"minecraft:stone_brick_wall":6,"minecraft:furnace":3,"minecraft:cooked_mutton":4,"minecraft:iron_hoe":1,"minecraft:chest":6,"immersive_weathering:charred_planks":1,"minecraft:stone_bricks":1024,"minecraft:oak_fence":21,"minecraft:cooked_beef":10,"minecraft:oak_slab":24,"minecraft:cooked_porkchop":5,"minecraft:crafting_table":4,"minecraft:bucket":2,"minecraft:birch_planks":32,"minecraft:stone_axe":2,"minecraft:bread":61,"minecraft:air":0,"minecraft:oak_boat":1,"minecraft:white_wool":16,"minecraft:stick":164,"minecraft:iron_pickaxe":1,"minecraft:oak_stairs":52,"minecraft:iron_shovel":5,"minecraft:torch":212,"minecraft:deepslate_bricks":224},"minecraft:mined":{"minecraft:tuff":15,"minecraft:mossy_cobblestone":8,"minecraft:sculk_vein":2,"minecraft:cobblestone_stairs":2,"immersive_weathering:birch_leaf_pile":1,"minecraft:stone_brick_wall":28,"minecraft:grass_block":1221,"minecraft:magma_block":11,"minecraft:furnace":1,"immersive_weathering:mossy_stone":27,"minecraft:iron_ore":32,"minecraft:andesite":3,"minecraft:pumpkin":23,"immersive_weathering:charred_planks":1,"minecraft:azure_bluet":14,"minecraft:pointed_dripstone":26,"minecraft:deepslate_iron_ore":2,"minecraft:oak_stairs":1,"immersive_weathering:ivy":1,"minecraft:stone":3275,"immersive_weathering:oak_leaf_pile":2,"minecraft:oak_slab":23,"immersive_weathering:spruce_leaf_pile":6,"minecraft:crafting_table":4,"minecraft:torch":18,"minecraft:poppy":11,"minecraft:chest":2,"minecraft:cobblestone":66,"minecraft:tall_grass":38,"minecraft:copper_ore":22,"minecraft:oak_planks":1,"minecraft:sugar_cane":7,"minecraft:sculk":12,"minecraft:diorite":117,"minecraft:wall_torch":20,"minecraft:deepslate_copper_ore":3,"minecraft:birch_log":12,"minecraft:sweet_berry_bush":3,"minecraft:wheat":210,"minecraft:grass":264,"minecraft:oak_log":103,"minecraft:coal_ore":202,"minecraft:gravel":94,"minecraft:dripstone_block":189,"minecraft:dirt":64,"minecraft:stone_bricks":143,"minecraft:oak_leaves":18,"minecraft:deepslate":444,"minecraft:fern":5},"minecraft:killed":{"minecraft:spider":3,"minecraft:skeleton":7,"minecraft:pig":4,"minecraft:creeper":2,"minecraft:sheep":6,"minecraft:pillager":1,"minecraft:zombie":5,"minecraft:cow":10,"minecraft:enderman":2},"minecraft:dropped":{"minecraft:wheat_seeds":2,"minecraft:mossy_cobblestone":2,"minecraft:cobblestone":195,"minecraft:diorite":51,"minecraft:stone_bricks":1,"minecraft:stone_pickaxe":2},"minecraft:picked_up":{"minecraft:crafting_table":4,"minecraft:wheat":198,"minecraft:azure_bluet":33,"minecraft:oak_stairs":1,"minecraft:stone_brick_wall":27,"minecraft:string":1,"minecraft:raw_copper":163,"minecraft:cobbled_deepslate":433,"minecraft:beef":13,"minecraft:poppy":39,"minecraft:light_gray_wool":1,"minecraft:sugar_cane":15,"minecraft:chest":3,"minecraft:birch_sapling":1,"minecraft:furnace":1,"minecraft:raw_iron":110,"minecraft:stick":2,"minecraft:torch":55,"magistuarmory:rustedbarbute":1,"minecraft:porkchop":9,"minecraft:pointed_dripstone":68,"minecraft:diorite":117,"minecraft:arrow":11,"minecraft:rotten_flesh":5,"minecraft:mutton":8,"minecraft:white_wool":4,"minecraft:cobblestone":3252,"minecraft:birch_log":12,"minecraft:magma_block":7,"minecraft:andesite":3,"minecraft:leather":9,"minecraft:flint":52,"minecraft:tuff":15,"minecraft:oak_log":103,"minecraft:gunpowder":2,"minecraft:cobblestone_stairs":2,"minecraft:dirt":1295,"minecraft:white_banner":1,"minecraft:bone":11,"minecraft:stone_bricks":129,"minecraft:bow":1,"minecraft:wheat_seeds":612,"minecraft:stone_pickaxe":3,"minecraft:oak_planks":1,"minecraft:oak_slab":25,"minecraft:pumpkin":24,"minecraft:sweet_berries":6,"minecraft:dripstone_block":155,"minecraft:gravel":41,"magistuarmory:rustedchainmail_leggings":1,"magistuarmory:rustedgreathelm":1,"minecraft:spider_eye":1,"minecraft:mossy_cobblestone":27,"magistuarmory:corruptedroundshield":1,"minecraft:oak_sapling":4,"minecraft:coal":576,"minecraft:black_wool":1,"minecraft:ender_pearl":1},"minecraft:killed_by":{"minecraft:zombie":1},"minecraft:used":{"minecraft:oak_fence":20,"minecraft:iron_shovel":1444,"immersive_weathering:charred_planks":1,"minecraft:chest":8,"magistuarmory:wood_heatershield":10,"minecraft:torch":276,"minecraft:dirt":467,"minecraft:iron_hoe":184,"magistuarmory:steel_bastardsword":75,"minecraft:iron_axe":130,"minecraft:oak_stairs":46,"minecraft:stone_brick_stairs":6,"minecraft:stone_bricks":806,"minecraft:sweet_berries":4,"minecraft:furnace":3,"minecraft:cooked_beef":7,"minecraft:cobbled_deepslate":6,"minecraft:wheat_seeds":370,"minecraft:cooked_mutton":3,"minecraft:water_bucket":9,"minecraft:diorite":2,"minecraft:cobblestone_stairs":194,"minecraft:stone_pickaxe":4638,"minecraft:oak_planks":31,"minecraft:sugar_cane":2,"minecraft:white_wool":13,"minecraft:mossy_cobblestone":12,"minecraft:oak_slab":25,"minecraft:crafting_table":7,"minecraft:dripstone_block":6,"minecraft:stone_brick_wall":140,"minecraft:smoker":1,"minecraft:oak_log":13,"minecraft:bread":21,"minecraft:iron_pickaxe":88,"minecraft:gravel":7,"minecraft:stone_axe":153,"minecraft:cobblestone":882,"minecraft:cooked_porkchop":5,"minecraft:bucket":11,"minecraft:andesite":3,"minecraft:oak_boat":1},"minecraft:broken":{"minecraft:iron_shovel":5,"minecraft:stone_axe":1}},"DataVersion":3120}