{"stats":{"minecraft:dropped":{"minecraft:black_dye":4,"minecraft:wheat_seeds":13,"minecraft:cobblestone":85,"minecraft:stick":15,"minecraft:oxeye_daisy":1,"minecraft:dirt":65,"minecraft:ink_sac":5,"minecraft:cornflower":1,"minecraft:oak_stairs":3,"minecraft:polished_blackstone_bricks":9,"minecraft:string":3,"minecraft:dandelion":26,"immersive_weathering:weeds":32,"minecraft:stone_axe":1,"minecraft:blackstone":4,"magistuarmory:big_plume_decoration":1,"minecraft:beetroot":1,"minecraft:oak_planks":5,"magistuarmory:maximilian_leggings":1,"minecraft:gunpowder":2,"minecraft:chest":5,"minecraft:stone_pickaxe":5},"minecraft:custom":{"minecraft:interact_with_smithing_table":4,"minecraft:interact_with_anvil":4,"minecraft:mob_kills":131,"minecraft:interact_with_crafting_table":80,"minecraft:open_barrel":74,"minecraft:leave_game":4,"minecraft:time_since_death":552902,"minecraft:climb_one_cm":2054,"minecraft:sprint_one_cm":1642667,"minecraft:walk_one_cm":1421299,"minecraft:damage_blocked_by_shield":3527,"minecraft:drop":53,"minecraft:talked_to_villager":150,"minecraft:play_time":811865,"minecraft:deaths":6,"minecraft:sneak_time":22347,"minecraft:walk_under_water_one_cm":8222,"minecraft:boat_one_cm":92574,"minecraft:jump":8702,"minecraft:interact_with_blast_furnace":132,"minecraft:walk_on_water_one_cm":8600,"minecraft:total_world_time":811865,"minecraft:traded_with_villager":680,"minecraft:interact_with_stonecutter":11,"minecraft:sleep_in_bed":29,"minecraft:time_since_rest":75251,"minecraft:damage_taken":3432,"minecraft:damage_dealt":23253,"minecraft:swim_one_cm":7735,"minecraft:fly_one_cm":7075323,"minecraft:open_chest":249,"minecraft:crouch_one_cm":51775,"minecraft:interact_with_smoker":212,"minecraft:fall_one_cm":255236},"minecraft:killed":{"minecraft:witch":2,"minecraft:vindicator":8,"minecraft:spider":4,"minecraft:skeleton":10,"minecraft:chicken":1,"minecraft:piglin_brute":1,"minecraft:piglin":6,"minecraft:hoglin":3,"minecraft:creeper":2,"minecraft:squid":2,"minecraft:sheep":5,"minecraft:pillager":13,"minecraft:zombie":12,"minecraft:wither_skeleton":3,"minecraft:blaze":55,"minecraft:cow":1},"minecraft:picked_up":{"minecraft:crafting_table":3,"minecraft:wheat":3,"minecraft:nether_wart":62,"monobank:monobank":6,"minecraft:oak_stairs":3,"workers:farmer_block":6,"minecraft:shield":1,"immersive_weathering:ash_layer_block":100,"minecraft:cornflower":1,"minecraft:polished_blackstone_brick_stairs":1,"minecraft:string":10,"magistuarmory:brigandine_chestplate":1,"minecraft:blackstone":8,"minecraft:beetroot":1,"minecraft:cracked_stone_bricks":1,"minecraft:beef":3,"minecraft:oak_boat":1,"minecraft:poppy":1,"minecraft:iron_pickaxe":1,"minecraft:chest":5,"minecraft:egg":2,"magistuarmory:big_plume_decoration":1,"minecraft:stick":37,"minecraft:raw_iron":299,"minecraft:composter":2,"minecraft:torch":1,"minecraft:porkchop":12,"minecraft:polished_blackstone_bricks":10,"minecraft:carrot":996,"minecraft:redstone":2,"minecraft:black_dye":4,"immersive_weathering:oak_bark":1,"minecraft:arrow":18,"minecraft:rotten_flesh":18,"minecraft:hay_block":3,"magistuarmory:maximilian_leggings":1,"minecraft:blaze_rod":29,"minecraft:mutton":8,"minecraft:bone_block":67,"minecraft:white_wool":5,"minecraft:cobblestone":689,"minecraft:oxeye_daisy":3,"minecraft:feather":1,"magistuarmory:rustedhalfarmor_chestplate":1,"magistuarmory:rustedchainmail_boots":1,"minecraft:leather":1,"minecraft:smoker":2,"minecraft:potato":273,"minecraft:oak_log":116,"minecraft:gunpowder":2,"minecraft:cobblestone_stairs":5,"minecraft:dirt":200,"magistuarmoryaddon:steel_battleaxe":2,"minecraft:bone":11,"minecraft:stone_bricks":23,"minecraft:apple":6,"immersive_weathering:weeds":230,"minecraft:bow":1,"minecraft:wheat_seeds":46,"minecraft:stone_pickaxe":1,"minecraft:oak_planks":5,"immersive_weathering:tallow":11,"minecraft:chiseled_stone_bricks":2,"minecraft:dandelion":215,"minecraft:poisonous_potato":3,"minecraft:ink_sac":10,"magistuarmory:steel_pavese":1,"minecraft:white_bed":4,"magistuarmory:rustedchainmail_leggings":1,"minecraft:mossy_cobblestone":4,"immersive_weathering:stone_brick":1,"magistuarmory:rustedchainmail_helmet":1,"magistuarmory:steel_rondache":2,"minecraft:crossbow":1,"minecraft:cracked_polished_blackstone_bricks":14,"minecraft:bone_meal":1,"minecraft:emerald":3,"minecraft:baked_potato":63,"minecraft:oak_sapling":23,"minecraft:coal":353},"minecraft:mined":{"minecraft:white_bed":4,"minecraft:oak_sapling":3,"minecraft:mossy_cobblestone":4,"minecraft:cobblestone_stairs":5,"minecraft:nether_bricks":2,"minecraft:grass_block":41,"minecraft:cracked_polished_blackstone_bricks":15,"minecraft:composter":2,"minecraft:oxeye_daisy":5,"minecraft:nether_wart":45,"minecraft:chiseled_stone_bricks":2,"minecraft:hay_block":3,"minecraft:polished_blackstone_bricks":15,"minecraft:carrots":29,"minecraft:iron_ore":100,"minecraft:barrel":2,"minecraft:azure_bluet":5,"minecraft:potatoes":123,"minecraft:dirt_path":65,"minecraft:oak_stairs":2,"immersive_weathering:ivy":2,"minecraft:stone":558,"minecraft:bone_block":67,"immersive_weathering:oak_leaf_pile":253,"minecraft:blackstone":4,"minecraft:smoker":2,"minecraft:soul_fire":5,"minecraft:basalt":7,"monobank:monobank":6,"minecraft:dandelion":5,"minecraft:cornflower":4,"minecraft:crafting_table":3,"workers:farmer_block":2,"minecraft:poppy":1,"minecraft:chest":4,"minecraft:tall_grass":4,"minecraft:cobblestone":19,"minecraft:oak_planks":3,"minecraft:polished_blackstone_brick_stairs":1,"minecraft:wall_torch":1,"minecraft:wheat":5,"minecraft:grass":58,"minecraft:oak_log":122,"minecraft:coal_ore":113,"minecraft:dirt":30,"minecraft:cracked_stone_bricks":1,"immersive_weathering:weeds":122,"minecraft:stone_bricks":23,"minecraft:netherrack":19,"minecraft:oak_leaves":22,"magistuarmory:pavise_upper_collision":1},"minecraft:used":{"minecraft:beetroot":5,"minecraft:iron_shovel":134,"minecraft:flint_and_steel":2,"minecraft:armor_stand":22,"immersive_weathering:stone_brick":1,"slavicarmory:steel_bardiche":185,"minecraft:chest":29,"minecraft:stone":8,"minecraft:farmland":2,"minecraft:oak_door":3,"minecraft:torch":226,"minecraft:mutton":8,"minecraft:dirt":98,"minecraft:anvil":4,"minecraft:carrot":86,"magistuarmory:steel_pavese":26,"recruits:recruit_shield_block":3,"minecraft:obsidian":2,"recruits:bowman_block":2,"smallships:oak_drakkar":1,"minecraft:villager_spawn_egg":32,"minecraft:iron_axe":236,"magistuarmory:steel_kiteshield":41,"minecraft:grass_block":65,"minecraft:oak_stairs":216,"minecraft:stone_brick_stairs":3,"map_atlases:atlas":3,"minecraft:barrel":20,"immersive_weathering:tallow":6,"minecraft:stone_bricks":2609,"minecraft:item_frame":8,"immersive_weathering:weeds":6,"minecraft:beef":3,"recruits:recruit_block":1,"minecraft:oak_sapling":16,"minecraft:egg":2,"minecraft:potato":87,"workers:farmer_block":8,"magistuarmoryaddon:dark_maximilian_boots":3,"minecraft:wheat_seeds":3,"minecraft:yellow_banner":1,"minecraft:spruce_door":2,"minecraft:oak_planks":83,"minecraft:stone_pickaxe":1052,"minecraft:baked_potato":51,"magistuarmoryaddon:dark_maximilian_chestplate":3,"magistuarmory:knight_boots":1,"minecraft:fletching_table":11,"minecraft:stonecutter":1,"minecraft:light_gray_banner":1,"minecraft:oak_slab":29,"minecraft:crafting_table":15,"magistuarmory:knight_leggings":1,"minecraft:blast_furnace":27,"minecraft:white_bed":13,"magistuarmoryaddon:steel_battleaxe":37,"slavicarmory:steel_rus_sword":137,"magistuarmoryaddon:dark_maximilian_leggings":3,"monobank:monobank":5,"magistuarmory:armet":1,"minecraft:smoker":11,"minecraft:oak_log":410,"minecraft:apple":1,"magistuarmoryaddon:dark_maximilian_helmet":3,"minecraft:bread":16,"minecraft:string":2,"minecraft:spruce_trapdoor":7,"workers:lumberjack_block":1,"minecraft:cobblestone":31,"minecraft:grindstone":9,"magistuarmory:knight_chestplate":1,"minecraft:bucket":1,"minecraft:smithing_table":21,"minecraft:red_banner":2,"minecraft:glass_pane":14,"minecraft:oak_boat":1,"minecraft:air":1},"minecraft:killed_by":{"minecraft:creeper":1,"minecraft:vindicator":3,"minecraft:skeleton":1},"minecraft:crafted":{"minecraft:black_dye":5,"minecraft:oak_door":3,"minecraft:oak_planks":308,"minecraft:chainmail_helmet":20,"magistuarmory:maximilian_helmet":2,"magistuarmory:platemail_leggings":4,"minecraft:diamond_hoe":3,"minecraft:blaze_powder":10,"magistuarmory:knight_boots":2,"minecraft:furnace":7,"minecraft:bone_meal":27,"minecraft:diamond_shovel":12,"magistuarmory:longbow":4,"magistuarmoryaddon:dark_maximilian_helmet":1,"slavicarmory:steel_rus_sword":1,"minecraft:flint_and_steel":1,"magistuarmory:hilt":17,"magistuarmory:kettlehat":4,"minecraft:diamond_helmet":3,"minecraft:diamond_leggings":12,"minecraft:iron_boots":1,"magistuarmory:knight_leggings":8,"magistuarmory:steel_shortsword":1,"minecraft:iron_axe":9,"magistuarmory:steel_ingot":701,"minecraft:iron_hoe":8,"magistuarmory:sallet":6,"magistuarmory:steel_rondache":7,"magistuarmory:steel_pavese":1,"minecraft:chest":14,"minecraft:diamond_boots":12,"magistuarmory:maximilian_leggings":1,"magistuarmory:maximilian_chestplate":1,"magistuarmory:barbute":9,"magistuarmory:pole":6,"slavicarmory:steel_bardiche":1,"magistuarmory:steel_ring":504,"recruits:recruit_block":8,"minecraft:stone_bricks":2000,"magistuarmory:steel_plate":258,"magistuarmory:steel_kiteshield":1,"minecraft:smoker":7,"minecraft:wheat":27,"magistuarmory:steel_nugget":270,"minecraft:red_dye":1,"magistuarmory:wood_kiteshield":1,"minecraft:arrow":1152,"minecraft:emerald":439,"minecraft:diamond_axe":21,"minecraft:crafting_table":8,"magistuarmory:big_plume_decoration":1,"minecraft:baked_potato":838,"magistuarmory:platemail_chestplate":4,"magistuarmory:platemail_boots":10,"minecraft:bell":53,"minecraft:red_wool":1,"magistuarmory:knight_chestplate":8,"magistuarmory:wood_roundshield":7,"magistuarmory:jousting_chestplate":1,"recruits:bowman_block":12,"minecraft:bucket":1,"magistuarmory:maximilian_boots":1,"minecraft:bread":10,"minecraft:air":0,"magistuarmory:jousting_boots":1,"magistuarmory:halfarmor_chestplate":9,"magistuarmory:wood_pavese":1,"minecraft:oak_boat":1,"minecraft:iron_chestplate":12,"minecraft:diamond_pickaxe":1,"minecraft:shield":1,"minecraft:stick":132,"magistuarmory:jousting_leggings":7,"minecraft:iron_ingot":811,"magistuarmory:steel_chainmail":56,"magistuarmoryaddon:steel_battleaxe":5,"minecraft:iron_shovel":4,"minecraft:white_bed":1,"magistuarmory:armet":1,"magistuarmory:medieval_bag":1,"minecraft:torch":292,"magistuarmory:stechhelm":1,"magistuarmory:leather_strip":36,"minecraft:diamond_chestplate":3,"recruits:recruit_shield_block":4}},"DataVersion":3120}