{"stats":{"minecraft:crafted":{"minecraft:black_dye":5,"minecraft:oak_door":3,"minecraft:oak_planks":232,"magistuarmory:maximilian_helmet":2,"minecraft:blaze_powder":10,"magistuarmory:knight_boots":2,"minecraft:furnace":7,"minecraft:bone_meal":27,"magistuarmoryaddon:dark_maximilian_helmet":1,"slavicarmory:steel_rus_sword":1,"minecraft:flint_and_steel":1,"magistuarmory:hilt":5,"magistuarmory:knight_leggings":2,"magistuarmory:steel_shortsword":1,"minecraft:iron_axe":3,"magistuarmory:steel_ingot":152,"minecraft:iron_hoe":8,"magistuarmory:steel_rondache":1,"magistuarmory:steel_pavese":1,"minecraft:chest":14,"magistuarmory:maximilian_leggings":1,"magistuarmory:maximilian_chestplate":1,"magistuarmory:barbute":3,"magistuarmory:pole":2,"slavicarmory:steel_bardiche":1,"minecraft:stone_bricks":2000,"magistuarmory:steel_plate":94,"magistuarmory:steel_kiteshield":1,"minecraft:smoker":7,"minecraft:wheat":27,"magistuarmory:steel_nugget":9,"minecraft:red_dye":1,"magistuarmory:wood_kiteshield":1,"minecraft:emerald":18,"minecraft:crafting_table":8,"magistuarmory:big_plume_decoration":1,"minecraft:baked_potato":838,"minecraft:red_wool":1,"magistuarmory:knight_chestplate":2,"magistuarmory:wood_roundshield":1,"magistuarmory:jousting_chestplate":1,"minecraft:bucket":1,"magistuarmory:maximilian_boots":1,"minecraft:bread":10,"minecraft:air":0,"magistuarmory:jousting_boots":1,"magistuarmory:halfarmor_chestplate":3,"magistuarmory:wood_pavese":1,"minecraft:oak_boat":1,"minecraft:stick":92,"magistuarmory:jousting_leggings":1,"minecraft:iron_ingot":192,"magistuarmoryaddon:steel_battleaxe":1,"minecraft:iron_shovel":1,"minecraft:white_bed":1,"magistuarmory:armet":1,"magistuarmory:medieval_bag":1,"minecraft:torch":292,"magistuarmory:stechhelm":1,"magistuarmory:leather_strip":6},"minecraft:custom":{"minecraft:interact_with_smithing_table":4,"minecraft:mob_kills":108,"minecraft:interact_with_crafting_table":54,"minecraft:open_barrel":22,"minecraft:leave_game":2,"minecraft:time_since_death":209377,"minecraft:climb_one_cm":2054,"minecraft:sprint_one_cm":1469221,"minecraft:walk_one_cm":1058899,"minecraft:damage_blocked_by_shield":3527,"minecraft:drop":53,"minecraft:talked_to_villager":1,"minecraft:play_time":468340,"minecraft:deaths":6,"minecraft:sneak_time":17142,"minecraft:walk_under_water_one_cm":2191,"minecraft:jump":8013,"minecraft:interact_with_blast_furnace":50,"minecraft:walk_on_water_one_cm":5089,"minecraft:total_world_time":468340,"minecraft:interact_with_stonecutter":11,"minecraft:sleep_in_bed":26,"minecraft:time_since_rest":15080,"minecraft:damage_taken":3382,"minecraft:damage_dealt":19936,"minecraft:swim_one_cm":7735,"minecraft:fly_one_cm":4913737,"minecraft:open_chest":181,"minecraft:crouch_one_cm":46231,"minecraft:interact_with_smoker":212,"minecraft:fall_one_cm":252421},"minecraft:mined":{"minecraft:white_bed":4,"minecraft:oak_sapling":3,"minecraft:mossy_cobblestone":4,"minecraft:cobblestone_stairs":5,"minecraft:nether_bricks":2,"minecraft:grass_block":41,"minecraft:cracked_polished_blackstone_bricks":15,"minecraft:composter":2,"minecraft:oxeye_daisy":5,"minecraft:nether_wart":45,"minecraft:chiseled_stone_bricks":2,"minecraft:hay_block":3,"minecraft:polished_blackstone_bricks":15,"minecraft:carrots":29,"minecraft:iron_ore":100,"minecraft:barrel":2,"minecraft:azure_bluet":5,"minecraft:potatoes":123,"minecraft:dirt_path":65,"minecraft:oak_stairs":2,"immersive_weathering:ivy":2,"minecraft:stone":558,"minecraft:bone_block":67,"immersive_weathering:oak_leaf_pile":253,"minecraft:blackstone":4,"minecraft:smoker":2,"minecraft:soul_fire":5,"minecraft:basalt":7,"monobank:monobank":6,"minecraft:dandelion":5,"minecraft:cornflower":4,"minecraft:crafting_table":3,"workers:farmer_block":2,"minecraft:poppy":1,"minecraft:chest":4,"minecraft:tall_grass":4,"minecraft:cobblestone":19,"minecraft:oak_planks":3,"minecraft:polished_blackstone_brick_stairs":1,"minecraft:wall_torch":1,"minecraft:wheat":5,"minecraft:grass":58,"minecraft:oak_log":122,"minecraft:coal_ore":113,"minecraft:dirt":30,"minecraft:cracked_stone_bricks":1,"immersive_weathering:weeds":122,"minecraft:stone_bricks":23,"minecraft:netherrack":19,"minecraft:oak_leaves":22,"magistuarmory:pavise_upper_collision":1},"minecraft:killed":{"minecraft:spider":4,"minecraft:vindicator":1,"minecraft:skeleton":10,"minecraft:chicken":1,"minecraft:piglin_brute":1,"minecraft:piglin":6,"minecraft:hoglin":3,"minecraft:creeper":2,"minecraft:squid":2,"minecraft:sheep":5,"minecraft:zombie":11,"minecraft:wither_skeleton":3,"minecraft:blaze":55,"minecraft:cow":1},"minecraft:dropped":{"minecraft:black_dye":4,"minecraft:wheat_seeds":13,"minecraft:cobblestone":85,"minecraft:stick":15,"minecraft:oxeye_daisy":1,"minecraft:dirt":65,"minecraft:ink_sac":5,"minecraft:cornflower":1,"minecraft:oak_stairs":3,"minecraft:polished_blackstone_bricks":9,"minecraft:string":3,"minecraft:dandelion":26,"immersive_weathering:weeds":32,"minecraft:stone_axe":1,"minecraft:blackstone":4,"magistuarmory:big_plume_decoration":1,"minecraft:beetroot":1,"minecraft:oak_planks":5,"magistuarmory:maximilian_leggings":1,"minecraft:gunpowder":2,"minecraft:chest":5,"minecraft:stone_pickaxe":5},"minecraft:picked_up":{"minecraft:crafting_table":3,"minecraft:wheat":3,"minecraft:nether_wart":62,"monobank:monobank":6,"minecraft:oak_stairs":3,"workers:farmer_block":2,"immersive_weathering:ash_layer_block":100,"minecraft:cornflower":1,"minecraft:polished_blackstone_brick_stairs":1,"minecraft:string":10,"magistuarmory:brigandine_chestplate":1,"minecraft:blackstone":8,"minecraft:beetroot":1,"minecraft:cracked_stone_bricks":1,"minecraft:beef":3,"minecraft:oak_boat":1,"minecraft:poppy":1,"minecraft:chest":5,"minecraft:egg":2,"magistuarmory:big_plume_decoration":1,"minecraft:stick":35,"minecraft:raw_iron":299,"minecraft:composter":2,"minecraft:torch":1,"minecraft:porkchop":12,"minecraft:polished_blackstone_bricks":10,"minecraft:carrot":603,"minecraft:black_dye":4,"immersive_weathering:oak_bark":1,"minecraft:arrow":12,"minecraft:rotten_flesh":17,"minecraft:hay_block":3,"magistuarmory:maximilian_leggings":1,"minecraft:blaze_rod":29,"minecraft:mutton":8,"minecraft:bone_block":67,"minecraft:white_wool":5,"minecraft:cobblestone":684,"minecraft:oxeye_daisy":3,"minecraft:feather":1,"magistuarmory:rustedhalfarmor_chestplate":1,"magistuarmory:rustedchainmail_boots":1,"minecraft:leather":1,"minecraft:smoker":2,"minecraft:potato":273,"minecraft:oak_log":116,"minecraft:gunpowder":2,"minecraft:cobblestone_stairs":5,"minecraft:dirt":199,"minecraft:bone":11,"minecraft:stone_bricks":23,"minecraft:apple":6,"immersive_weathering:weeds":230,"minecraft:bow":1,"minecraft:wheat_seeds":42,"minecraft:stone_pickaxe":1,"minecraft:oak_planks":5,"immersive_weathering:tallow":11,"minecraft:chiseled_stone_bricks":2,"minecraft:dandelion":215,"minecraft:poisonous_potato":2,"minecraft:ink_sac":10,"magistuarmory:steel_pavese":1,"minecraft:white_bed":4,"magistuarmory:rustedchainmail_leggings":1,"minecraft:mossy_cobblestone":4,"immersive_weathering:stone_brick":1,"magistuarmory:rustedchainmail_helmet":1,"minecraft:cracked_polished_blackstone_bricks":14,"minecraft:bone_meal":1,"minecraft:emerald":1,"minecraft:baked_potato":2,"minecraft:oak_sapling":23,"minecraft:coal":353},"minecraft:killed_by":{"minecraft:creeper":1,"minecraft:vindicator":3,"minecraft:skeleton":1},"minecraft:used":{"minecraft:beetroot":5,"minecraft:iron_shovel":134,"minecraft:flint_and_steel":2,"minecraft:armor_stand":4,"immersive_weathering:stone_brick":1,"slavicarmory:steel_bardiche":185,"minecraft:chest":19,"minecraft:oak_door":1,"minecraft:torch":80,"minecraft:dirt":98,"minecraft:mutton":8,"minecraft:carrot":50,"magistuarmory:steel_pavese":26,"minecraft:obsidian":2,"minecraft:iron_axe":225,"magistuarmory:steel_kiteshield":41,"minecraft:stone_bricks":1710,"minecraft:item_frame":8,"immersive_weathering:weeds":6,"minecraft:beef":3,"minecraft:oak_sapling":16,"minecraft:egg":2,"minecraft:potato":7,"workers:farmer_block":4,"magistuarmoryaddon:dark_maximilian_boots":1,"minecraft:wheat_seeds":3,"minecraft:stone_pickaxe":1052,"minecraft:baked_potato":50,"magistuarmoryaddon:dark_maximilian_chestplate":1,"magistuarmory:knight_boots":1,"minecraft:stonecutter":1,"minecraft:crafting_table":11,"magistuarmory:knight_leggings":1,"minecraft:blast_furnace":2,"minecraft:white_bed":5,"slavicarmory:steel_rus_sword":137,"magistuarmoryaddon:dark_maximilian_leggings":1,"monobank:monobank":5,"magistuarmory:armet":1,"minecraft:smoker":11,"minecraft:oak_log":53,"minecraft:apple":1,"magistuarmoryaddon:dark_maximilian_helmet":1,"minecraft:bread":16,"workers:lumberjack_block":1,"minecraft:cobblestone":31,"magistuarmory:knight_chestplate":1,"minecraft:smithing_table":1,"minecraft:bucket":1,"minecraft:oak_boat":1,"minecraft:air":1}},"DataVersion":3120}